{"cameraMode":{"drawMode":0,"name":"Shaded","section":"Shading Mode"},"sceneLighting":true,"audioPlay":false,"sceneViewState":{"showFog":false,"showMaterialUpdate":true,"showSkybox":true,"showFlares":true,"showImageEffects":true,"showParticleSystems":true},"in2DMode":false,"pivot":{"x":48.21904754638672,"y":17.151975631713868,"z":73.83633422851563},"rotation":{"x":-0.16710145771503449,"y":-0.5429965257644653,"z":0.11087476462125778,"w":-0.8154953718185425},"size":10.892354011535645,"orthographic":false}