{"cameraMode":{"drawMode":0,"name":"Shaded","section":"Shading Mode"},"sceneLighting":false,"audioPlay":false,"sceneViewState":{"showFog":false,"showMaterialUpdate":true,"showSkybox":false,"showFlares":true,"showImageEffects":true,"showParticleSystems":true},"in2DMode":false,"pivot":{"x":-0.01000000536441803,"y":0.8288525342941284,"z":3.2699999809265138},"rotation":{"x":-0.13456593453884126,"y":-0.020504603162407876,"z":0.002782420953735709,"w":-0.990723729133606},"size":5.462384223937988,"orthographic":false}